engine,workload,input_tokens,output_tokens,concurrency,aiperf_version,completed_requests,error_rate_pct,request_throughput_rps,output_throughput_tps,input_throughput_tps,median_ttft_ms,p99_ttft_ms,median_itl_ms,median_request_latency_ms,avg_gpu_power_w,prompt_cache_read_pct
vllm,interactive_c4,512,128,4,0.13.0,100.0,0.0,1.41,179.92,720.42,133.04,177.06,21.28,2837.15,269.15,
vllm,high_concurrency_c16,512,128,16,0.13.0,100.0,0.0,4.45,568.97,2276.58,297.03,598.53,23.27,3267.55,285.67,
vllm,prefill_heavy,4096,64,4,0.13.0,100.0,0.0,1.55,99.22,6353.35,776.13,1086.91,28.5,2572.97,308.21,
vllm,decode_heavy,512,512,4,0.13.0,100.0,0.0,0.36,186.55,186.66,145.6,187.9,21.19,10963.68,277.92,
sglang,interactive_c4,512,128,4,0.13.0,100.0,0.0,1.4,178.99,716.14,168.33,178.04,21.12,2855.74,294.37,
sglang,high_concurrency_c16,512,128,16,0.13.0,100.0,0.0,4.28,547.44,2191.14,530.16,629.25,22.71,3414.47,313.42,
sglang,prefill_heavy,4096,64,4,0.13.0,100.0,0.0,1.48,94.94,6081.06,816.44,1311.85,30.02,2692.04,312.83,
sglang,decode_heavy,512,512,4,0.13.0,100.0,0.0,0.36,186.07,186.2,162.32,176.94,21.19,10989.34,292.97,
trtllm,interactive_c4,512,128,4,0.13.0,100.0,0.0,1.4,179.44,717.78,159.73,177.65,21.16,2847.86,289.36,0.0
trtllm,high_concurrency_c16,512,128,16,0.13.0,100.0,0.0,4.3,550.46,2201.66,608.98,636.08,21.97,3395.12,303.65,0.0
trtllm,prefill_heavy,4096,64,4,0.13.0,100.0,0.0,1.46,93.3,5971.99,843.92,1364.56,30.12,2737.46,318.5,0.0
trtllm,decode_heavy,512,512,4,0.13.0,100.0,0.0,0.36,185.35,185.33,147.03,184.24,21.3,11022.08,297.29,0.0
