experiment,model_id,num_prompts,max_concurrency,request_rate,completed,failed,request_throughput,output_throughput,total_token_throughput,mean_ttft_ms,median_ttft_ms,p99_ttft_ms,mean_tpot_ms,median_tpot_ms,p99_tpot_ms,mean_itl_ms,median_itl_ms,p99_itl_ms,mean_e2el_ms,median_e2el_ms,p99_e2el_ms,std_e2el_ms,std_itl_ms,std_tpot_ms,std_ttft_ms
e1_concurrency_1,Qwen/Qwen2.5-7B-Instruct,100,1,inf,100,0,0.38295695437172655,49.018490159581,245.092450797905,56.01349599659443,53.35445608943701,64.40052108839286,20.116084371730096,20.11617011295294,20.122564993358736,20.116084371730096,20.11613268405199,20.83339150995016,2610.756211206317,2608.150063082576,2617.862181495876,26.499208639538708,0.5296550104382786,0.0036209104131501822,26.720332718023297
e1_concurrency_4,Qwen/Qwen2.5-7B-Instruct,100,4,inf,100,0,1.408430300482998,180.27907846182376,901.3953923091188,142.58063090965152,163.7223744764924,222.51048428937793,21.233562014733014,21.03273470805386,21.74892286308051,21.233562014733007,21.033664233982563,22.487293407320994,2839.2430067807436,2839.566164650023,2893.8395365327597,11.990848501994117,3.577279889139527,0.2847631142065898,40.01171140867461
e1_concurrency_8,Qwen/Qwen2.5-7B-Instruct,100,8,inf,100,0,2.603226852164178,333.2130370770148,1666.065185385074,210.09027218446136,226.65165271610022,350.44206170365214,21.65173060576043,21.525362557841568,22.656809819026257,21.651730605760427,21.004163660109043,33.399621862918146,2959.8600591160357,2960.301917977631,3017.0652459561825,27.551904858825605,6.954236472120771,0.5219185815308743,71.59166986325617
e1_concurrency_16,Qwen/Qwen2.5-7B-Instruct,100,16,inf,100,0,4.434623188802135,567.6317681666733,2838.1588408333664,336.75033478066325,365.37822615355253,623.7226682901382,23.140568502657995,22.905636564131797,25.114448724798567,23.140568502657995,21.511937491595745,115.18040508031845,3275.6025346182287,3273.1144428253174,3471.304435376078,104.10947057831378,12.692760335558736,0.9235274660391242,134.01418627525484
e2_prefill_512x64,Qwen/Qwen2.5-7B-Instruct,80,4,inf,80,0,2.6873450262920002,171.99008168268801,1547.9107351441924,130.92270158231258,135.19709464162588,224.90324823185802,21.52742818108804,21.435460637486173,22.374901775093306,21.52742818108804,21.029995754361153,45.49375830218195,1487.1506769908592,1485.469676554203,1548.1689168512821,13.60278414393713,4.4547202550066425,0.48622317276095484,35.51457575251652
e2_prefill_4096x64,Qwen/Qwen2.5-7B-Instruct,80,4,inf,80,0,1.5471110006502347,99.01510404161502,6435.981762704977,776.334660127759,791.4334312081337,1175.7990906201292,28.65863587884676,28.32219381594942,33.19362048325793,28.65863587884676,22.00954593718052,159.0116306208074,2581.828720495105,2578.9298014715314,2969.5623411238175,126.05517761311086,28.733098526723655,2.739866786435174,182.5404697091671
e3_decode_512x64,Qwen/Qwen2.5-7B-Instruct,60,4,inf,60,0,2.6763981426364514,171.2894811287329,1541.6053301585962,140.9444307287534,153.63910980522633,359.7618629597126,21.46855896959702,21.423297697707774,21.95779835627902,21.468558969597023,21.030894480645657,22.9969858750701,1493.463645813366,1478.8004690781236,1699.1742319986222,54.247726223133,4.935423473444126,0.44771627092775984,63.53406102604038
e3_decode_512x512,Qwen/Qwen2.5-7B-Instruct,60,4,inf,60,0,0.36531189888385085,187.03969222853164,374.07938445706327,140.8853090678652,158.27119909226894,201.7899665236473,21.149729533316613,21.101758490934415,21.277728235082968,21.14972953331661,21.09973318874836,22.191463317722082,10948.397100592652,10946.717254817486,10984.016440995038,12.18988572523684,1.9174909812465084,0.06883670238700844,39.41065979889567
e4_prefix_cache_OFF,Qwen/Qwen2.5-7B-Instruct,100,4,inf,100,0,2.0387111559703057,130.47751398209957,4305.757961409286,469.46951258927584,463.95488642156124,1035.1398831605911,23.66652080434419,23.43286672932288,27.5194931068709,23.666520804344188,21.472834050655365,146.42592709511518,1960.4603232629597,1939.9044597521424,2391.9855339080104,106.97160761372027,16.350419312011653,1.868185771600548,149.18728394766453
e4_prefix_cache_ON,Qwen/Qwen2.5-7B-Instruct,100,4,inf,100,0,2.6374274611988167,168.79535751672427,5570.2467980519,153.1616642139852,164.6302416920662,345.3927775658667,21.61860640855536,21.563150535618504,22.62902006950407,21.618606408555355,21.174333058297634,42.47264897450808,1515.1338679529727,1509.7139356657863,1673.510120511055,33.00242586672984,5.446651327105982,0.5605633767991829,51.635307567082855
